{"cameraMode":{"drawMode":0,"name":"Shaded","section":"Shading Mode"},"sceneLighting":true,"audioPlay":false,"sceneViewState":{"showFog":true,"showMaterialUpdate":false,"showSkybox":true,"showFlares":true,"showImageEffects":true,"showParticleSystems":true},"in2DMode":false,"pivot":{"x":0.3986157178878784,"y":-1.775336742401123,"z":6.501418590545654},"rotation":{"x":-0.3096669018268585,"y":-0.029662664979696275,"z":0.009666730649769307,"w":-0.9503373503684998},"size":14.263952255249024,"orthographic":false}