{"cameraMode":{"drawMode":0,"name":"Shaded","section":"Shading Mode"},"sceneLighting":true,"audioPlay":false,"sceneViewState":{"showFog":true,"showMaterialUpdate":false,"showSkybox":true,"showFlares":true,"showImageEffects":true,"showParticleSystems":true},"in2DMode":false,"pivot":{"x":0.04021010920405388,"y":2.7974095344543459,"z":3.452235460281372},"rotation":{"x":0.43036603927612307,"y":-3.862890451955536e-9,"z":1.8224376452380398e-9,"w":0.9026546478271484},"size":24.922399520874025,"orthographic":false}