{"cameraMode":{"drawMode":0,"name":"Shaded","section":"Shading Mode"},"sceneLighting":false,"audioPlay":false,"sceneViewState":{"showFog":true,"showMaterialUpdate":false,"showSkybox":false,"showFlares":true,"showImageEffects":true,"showParticleSystems":true},"in2DMode":false,"pivot":{"x":0.1923695206642151,"y":0.20678037405014039,"z":8.354679107666016},"rotation":{"x":-0.14141280949115754,"y":-0.013619549572467804,"z":0.0027950340881943704,"w":-0.9899819493293762},"size":9.936156272888184,"orthographic":false}