{"cameraMode":{"drawMode":0,"name":"Shaded","section":"Shading Mode"},"sceneLighting":false,"audioPlay":false,"sceneViewState":{"showFog":true,"showMaterialUpdate":false,"showSkybox":false,"showFlares":true,"showImageEffects":true,"showParticleSystems":true},"in2DMode":false,"pivot":{"x":-1.5966172218322755,"y":4.775358200073242,"z":18.516754150390626},"rotation":{"x":-0.24874699115753175,"y":-0.014749368652701378,"z":0.0041509405709803108,"w":-0.9685510993003845},"size":39.80463409423828,"orthographic":false}