{"cameraMode":{"drawMode":0,"name":"Shaded","section":"Shading Mode"},"sceneLighting":true,"audioPlay":false,"sceneViewState":{"showFog":true,"showMaterialUpdate":false,"showSkybox":true,"showFlares":true,"showImageEffects":true,"showParticleSystems":true},"in2DMode":false,"pivot":{"x":0.18308819830417634,"y":4.212640762329102,"z":-3.238602876663208},"rotation":{"x":0.2025768756866455,"y":0.01028213370591402,"z":-0.002127141924574971,"w":0.9792101979255676},"size":4.994213104248047,"orthographic":false}