{"cameraMode":{"drawMode":0,"name":"Shaded","section":"Shading Mode"},"sceneLighting":true,"audioPlay":false,"sceneViewState":{"showFog":true,"showMaterialUpdate":false,"showSkybox":true,"showFlares":true,"showImageEffects":true,"showParticleSystems":true},"in2DMode":false,"pivot":{"x":-4.327310562133789,"y":-22.194622039794923,"z":40.80356216430664},"rotation":{"x":0.2667277455329895,"y":-0.008101174607872963,"z":0.0022000446915626528,"w":0.96375572681427},"size":58.17182922363281,"orthographic":false}