{"cameraMode":{"drawMode":0,"name":"Shaded","section":"Shading Mode"},"sceneLighting":false,"audioPlay":false,"sceneViewState":{"showFog":true,"showMaterialUpdate":false,"showSkybox":false,"showFlares":true,"showImageEffects":true,"showParticleSystems":true},"in2DMode":false,"pivot":{"x":-4.170000076293945,"y":0.6811555624008179,"z":0.0},"rotation":{"x":-0.0473579540848732,"y":0.034504201263189319,"z":-0.0015291008166968823,"w":-0.9983254075050354},"size":4.037259578704834,"orthographic":false}