{"cameraMode":{"drawMode":0,"name":"Shaded","section":"Shading Mode"},"sceneLighting":false,"audioPlay":false,"sceneViewState":{"showFog":true,"showMaterialUpdate":false,"showSkybox":false,"showFlares":true,"showImageEffects":true,"showParticleSystems":true},"in2DMode":false,"pivot":{"x":-10.449980735778809,"y":4.84703254699707,"z":4.6718339920043949},"rotation":{"x":-0.004009015392512083,"y":-0.9793681502342224,"z":-0.02429702691733837,"w":0.20127426087856294},"size":25.84849739074707,"orthographic":false}