{"cameraMode":{"drawMode":0,"name":"Shaded","section":"Shading Mode"},"sceneLighting":false,"audioPlay":false,"sceneViewState":{"showFog":true,"showMaterialUpdate":false,"showSkybox":false,"showFlares":true,"showImageEffects":true,"showParticleSystems":true},"in2DMode":false,"pivot":{"x":5.190000057220459,"y":0.0,"z":0.33000004291534426},"rotation":{"x":0.29904815554618838,"y":0.0343429259955883,"z":-0.010770424269139767,"w":0.9535593390464783},"size":2.4750001430511476,"orthographic":false}