{"cameraMode":{"drawMode":0,"name":"Shaded","section":"Shading Mode"},"sceneLighting":false,"audioPlay":false,"sceneViewState":{"showFog":true,"showMaterialUpdate":false,"showSkybox":false,"showFlares":true,"showImageEffects":true,"showParticleSystems":true},"in2DMode":false,"pivot":{"x":481.87261962890627,"y":44.934715270996097,"z":-17.07089614868164},"rotation":{"x":-0.023397304117679597,"y":0.0030458089895546438,"z":0.00006503476470243186,"w":-0.999770998954773},"size":362.68994140625,"orthographic":false}