{"cameraMode":{"drawMode":0,"name":"Shaded","section":"Shading Mode"},"sceneLighting":false,"audioPlay":false,"sceneViewState":{"showFog":true,"showMaterialUpdate":false,"showSkybox":false,"showFlares":true,"showImageEffects":true,"showParticleSystems":true},"in2DMode":false,"pivot":{"x":-6.1526360511779789,"y":4.384393692016602,"z":-2.529926300048828},"rotation":{"x":-0.2192818820476532,"y":-0.4697885811328888,"z":0.12170986086130142,"w":-0.8464072942733765},"size":2.8578836917877199,"orthographic":false}