{"cameraMode":{"drawMode":0,"name":"Shaded","section":"Shading Mode"},"sceneLighting":true,"audioPlay":false,"sceneViewState":{"showFog":true,"showMaterialUpdate":false,"showSkybox":true,"showFlares":true,"showImageEffects":true,"showParticleSystems":true},"in2DMode":false,"pivot":{"x":-35.00495147705078,"y":9.056905746459961,"z":16.627071380615236},"rotation":{"x":-0.3096669018268585,"y":-0.029662664979696275,"z":0.009666730649769307,"w":-0.9503373503684998},"size":33.438045501708987,"orthographic":false}