{"cameraMode":{"drawMode":0,"name":"Shaded","section":"Shading Mode"},"sceneLighting":true,"audioPlay":false,"sceneViewState":{"showFog":true,"showMaterialUpdate":false,"showSkybox":true,"showFlares":true,"showImageEffects":true,"showParticleSystems":true},"in2DMode":false,"pivot":{"x":1.6792030334472657,"y":1.7648992538452149,"z":-2.2695064544677736},"rotation":{"x":-0.12198571115732193,"y":0.8275986313819885,"z":-0.19754274189472199,"w":-0.511055052280426},"size":10.0,"orthographic":false}