{"cameraMode":{"drawMode":0,"name":"Shaded","section":"Shading Mode"},"sceneLighting":true,"audioPlay":false,"sceneViewState":{"showFog":true,"showMaterialUpdate":false,"showSkybox":true,"showFlares":true,"showImageEffects":true,"showParticleSystems":true},"in2DMode":false,"pivot":{"x":2.0103836059570314,"y":22.70598030090332,"z":24.67197036743164},"rotation":{"x":-0.3243360221385956,"y":0.0005651338142342866,"z":-0.00019346002954989672,"w":-0.9459426403045654},"size":56.65306091308594,"orthographic":false}