{"cameraMode":{"drawMode":0,"name":"Shaded","section":"Shading Mode"},"sceneLighting":false,"audioPlay":false,"sceneViewState":{"showFog":true,"showMaterialUpdate":false,"showSkybox":false,"showFlares":true,"showImageEffects":true,"showParticleSystems":true},"in2DMode":false,"pivot":{"x":-0.8463919162750244,"y":0.7705520391464233,"z":-0.929376482963562},"rotation":{"x":0.0264680627733469,"y":-0.8047493696212769,"z":0.03190845623612404,"w":0.5924803018569946},"size":3.3696515560150148,"orthographic":false}