{"cameraMode":{"drawMode":0,"name":"Shaded","section":"Shading Mode"},"sceneLighting":true,"audioPlay":false,"sceneViewState":{"showFog":true,"showMaterialUpdate":false,"showSkybox":true,"showFlares":true,"showImageEffects":true,"showParticleSystems":true},"in2DMode":false,"pivot":{"x":-21.194149017333986,"y":8.176034927368164,"z":-20.932758331298829},"rotation":{"x":-0.2683938443660736,"y":0.06792265921831131,"z":-0.018841832876205446,"w":-0.9607763886451721},"size":5.899001598358154,"orthographic":false}