{"cameraMode":{"drawMode":0,"name":"Shaded","section":"Shading Mode"},"sceneLighting":false,"audioPlay":false,"sceneViewState":{"showFog":true,"showMaterialUpdate":false,"showSkybox":false,"showFlares":true,"showImageEffects":true,"showParticleSystems":true},"in2DMode":false,"pivot":{"x":-2.2383999824523927,"y":1.9031524658203126,"z":-0.4012402892112732},"rotation":{"x":0.07582459598779679,"y":0.004487005528062582,"z":-0.00034125338424928486,"w":0.9971115589141846},"size":5.021198272705078,"orthographic":false}