{"cameraMode":{"drawMode":0,"name":"Shaded","section":"Shading Mode"},"sceneLighting":true,"audioPlay":false,"sceneViewState":{"showFog":true,"showMaterialUpdate":false,"showSkybox":true,"showFlares":true,"showImageEffects":true,"showParticleSystems":true},"in2DMode":false,"pivot":{"x":1.0033693313598633,"y":-1.0923709869384766,"z":5.095818519592285},"rotation":{"x":-0.2956399917602539,"y":0.03352472558617592,"z":-0.01035978365689516,"w":-0.9546743631362915},"size":13.450420379638672,"orthographic":false}