{"cameraMode":{"drawMode":0,"name":"Shaded","section":"Shading Mode"},"sceneLighting":true,"audioPlay":false,"sceneViewState":{"showFog":true,"showMaterialUpdate":false,"showSkybox":true,"showFlares":true,"showImageEffects":true,"showParticleSystems":true},"in2DMode":false,"pivot":{"x":-5.57107400894165,"y":-18.779247283935548,"z":26.992053985595704},"rotation":{"x":-0.31918686628341677,"y":-0.015657324343919755,"z":0.006586287170648575,"w":-0.9476832747459412},"size":76.07347869873047,"orthographic":false}