{"cameraMode":{"drawMode":0,"name":"Shaded","section":"Shading Mode"},"sceneLighting":false,"audioPlay":false,"sceneViewState":{"showFog":true,"showMaterialUpdate":false,"showSkybox":false,"showFlares":true,"showImageEffects":true,"showParticleSystems":true},"in2DMode":false,"pivot":{"x":0.839400053024292,"y":0.9779881238937378,"z":0.5920079946517944},"rotation":{"x":-0.002583103720098734,"y":0.6968493461608887,"z":0.0025100051425397398,"w":0.7172101736068726},"size":5.770599365234375,"orthographic":false}