{"cameraMode":{"drawMode":0,"name":"Shaded","section":"Shading Mode"},"sceneLighting":true,"audioPlay":false,"sceneViewState":{"showFog":true,"showMaterialUpdate":false,"showSkybox":true,"showFlares":true,"showImageEffects":true,"showParticleSystems":true},"in2DMode":false,"pivot":{"x":-2.642735719680786,"y":11.091520309448243,"z":-15.940095901489258},"rotation":{"x":-0.1798839420080185,"y":0.03675590083003044,"z":-0.004788078833371401,"w":-0.9831560850143433},"size":25.268972396850587,"orthographic":false}