{"cameraMode":{"drawMode":0,"name":"Shaded","section":"Shading Mode"},"sceneLighting":false,"audioPlay":false,"sceneViewState":{"showFog":true,"showMaterialUpdate":false,"showSkybox":false,"showFlares":true,"showImageEffects":true,"showParticleSystems":true},"in2DMode":false,"pivot":{"x":867.1634521484375,"y":454.7432861328125,"z":-205.63803100585938},"rotation":{"x":-0.08754286170005799,"y":-0.07309941202402115,"z":0.0065701561979949478,"w":-0.9934995770454407},"size":289.7171936035156,"orthographic":false}