{"cameraMode":{"drawMode":0,"name":"Shaded","section":"Shading Mode"},"sceneLighting":false,"audioPlay":false,"sceneViewState":{"showFog":true,"showMaterialUpdate":false,"showSkybox":false,"showFlares":true,"showImageEffects":true,"showParticleSystems":true},"in2DMode":false,"pivot":{"x":1.4033870697021485,"y":0.4835600256919861,"z":2.790894031524658},"rotation":{"x":-0.40113431215286257,"y":-0.01593009941279888,"z":0.007008194457739592,"w":-0.9158825278282166},"size":2.857883930206299,"orthographic":false}