{"cameraMode":{"drawMode":0,"name":"Shaded","section":"Shading Mode"},"sceneLighting":true,"audioPlay":false,"sceneViewState":{"showFog":true,"showMaterialUpdate":false,"showSkybox":true,"showFlares":true,"showImageEffects":true,"showParticleSystems":true},"in2DMode":false,"pivot":{"x":-0.1133144423365593,"y":7.712639808654785,"z":-17.031076431274415},"rotation":{"x":-0.1798839420080185,"y":0.03675590083003044,"z":-0.004788078833371401,"w":-0.9831560850143433},"size":17.106863021850587,"orthographic":false}