{"cameraMode":{"drawMode":0,"name":"Shaded","section":"Shading Mode"},"sceneLighting":false,"audioPlay":false,"sceneViewState":{"showFog":true,"showMaterialUpdate":false,"showSkybox":false,"showFlares":true,"showImageEffects":true,"showParticleSystems":true},"in2DMode":false,"pivot":{"x":0.5924526453018189,"y":0.13667741417884828,"z":-0.4084414839744568},"rotation":{"x":-0.24211560189723969,"y":0.4066484868526459,"z":-0.1126459538936615,"w":-0.8737171292304993},"size":9.744353294372559,"orthographic":false}