{"cameraMode":{"drawMode":0,"name":"Shaded","section":"Shading Mode"},"sceneLighting":true,"audioPlay":false,"sceneViewState":{"showFog":true,"showMaterialUpdate":false,"showSkybox":true,"showFlares":true,"showImageEffects":true,"showParticleSystems":true},"in2DMode":false,"pivot":{"x":533.6963500976563,"y":285.0432434082031,"z":117.94114685058594},"rotation":{"x":0.04130182042717934,"y":0.02980343997478485,"z":-0.003498645266517997,"w":0.9988807439804077},"size":681.877685546875,"orthographic":false}