{"cameraMode":{"drawMode":0,"name":"Shaded","section":"Shading Mode"},"sceneLighting":false,"audioPlay":false,"sceneViewState":{"showFog":true,"showMaterialUpdate":false,"showSkybox":false,"showFlares":true,"showImageEffects":true,"showParticleSystems":true},"in2DMode":false,"pivot":{"x":-18.402145385742189,"y":0.7322859764099121,"z":20.200939178466798},"rotation":{"x":-0.1784507781267166,"y":0.024950988590717317,"z":-0.0026458853390067817,"w":-0.9837899208068848},"size":5.614955425262451,"orthographic":false}