{"cameraMode":{"drawMode":0,"name":"Shaded","section":"Shading Mode"},"sceneLighting":false,"audioPlay":false,"sceneViewState":{"showFog":true,"showMaterialUpdate":false,"showSkybox":false,"showFlares":true,"showImageEffects":true,"showParticleSystems":true},"in2DMode":false,"pivot":{"x":-0.19496780633926392,"y":0.6074798703193665,"z":0.3498511016368866},"rotation":{"x":0.04154280200600624,"y":0.9258958101272583,"z":-0.10685449838638306,"w":0.35996922850608828},"size":3.9438793659210207,"orthographic":false}