{"cameraMode":{"drawMode":0,"name":"Shaded","section":"Shading Mode"},"sceneLighting":false,"audioPlay":false,"sceneViewState":{"showFog":true,"showMaterialUpdate":false,"showSkybox":false,"showFlares":true,"showImageEffects":true,"showParticleSystems":true},"in2DMode":false,"pivot":{"x":-14.836816787719727,"y":0.37722182273864748,"z":17.282703399658204},"rotation":{"x":-0.10122349113225937,"y":-0.007773186080157757,"z":0.0018422644352540374,"w":-0.9949659705162048},"size":68.23976135253906,"orthographic":false}