{"cameraMode":{"drawMode":0,"name":"Shaded","section":"Shading Mode"},"sceneLighting":true,"audioPlay":false,"sceneViewState":{"showFog":true,"showMaterialUpdate":false,"showSkybox":true,"showFlares":true,"showImageEffects":true,"showParticleSystems":true},"in2DMode":false,"pivot":{"x":-13.964771270751954,"y":3.4563918113708498,"z":-5.587851524353027},"rotation":{"x":-0.3041323125362396,"y":-0.3114265203475952,"z":0.10606687515974045,"w":-0.8941511511802673},"size":9.738070487976075,"orthographic":false}