{"cameraMode":{"drawMode":0,"name":"Shaded","section":"Shading Mode"},"sceneLighting":false,"audioPlay":false,"sceneViewState":{"showFog":true,"showMaterialUpdate":false,"showSkybox":false,"showFlares":true,"showImageEffects":true,"showParticleSystems":true},"in2DMode":false,"pivot":{"x":6.629518032073975,"y":-0.7364236116409302,"z":3.2469422817230226},"rotation":{"x":-0.16367390751838685,"y":0.007157907821238041,"z":-0.0007019247859716415,"w":-0.9866029024124146},"size":9.981974601745606,"orthographic":false}