{"cameraMode":{"drawMode":0,"name":"Shaded","section":"Shading Mode"},"sceneLighting":false,"audioPlay":false,"sceneViewState":{"showFog":true,"showMaterialUpdate":false,"showSkybox":false,"showFlares":true,"showImageEffects":true,"showParticleSystems":true},"in2DMode":false,"pivot":{"x":6.876372814178467,"y":-12.15434741973877,"z":10.815134048461914},"rotation":{"x":-0.16142211854457856,"y":0.14070965349674226,"z":-0.023216411471366884,"w":-0.9765552878379822},"size":1.3316638469696046,"orthographic":false}