{"cameraMode":{"drawMode":0,"name":"Shaded","section":"Shading Mode"},"sceneLighting":false,"audioPlay":false,"sceneViewState":{"showFog":true,"showMaterialUpdate":false,"showSkybox":false,"showFlares":true,"showImageEffects":true,"showParticleSystems":true},"in2DMode":false,"pivot":{"x":316.83563232421877,"y":324.96673583984377,"z":-73.71473693847656},"rotation":{"x":-0.05337497591972351,"y":0.0060418108478188519,"z":-0.0001942007220350206,"w":-0.9986028671264648},"size":466.9138488769531,"orthographic":false}