{"cameraMode":{"drawMode":0,"name":"Shaded","section":"Shading Mode"},"sceneLighting":false,"audioPlay":false,"sceneViewState":{"showFog":true,"showMaterialUpdate":false,"showSkybox":false,"showFlares":true,"showImageEffects":true,"showParticleSystems":true},"in2DMode":false,"pivot":{"x":-33.15435791015625,"y":4.973581314086914,"z":26.6822509765625},"rotation":{"x":0.007081908639520407,"y":-0.9395291805267334,"z":0.012739930301904679,"w":0.342685729265213},"size":5.79310941696167,"orthographic":false}