{"cameraMode":{"drawMode":0,"name":"Shaded","section":"Shading Mode"},"sceneLighting":false,"audioPlay":false,"sceneViewState":{"showFog":true,"showMaterialUpdate":false,"showSkybox":false,"showFlares":true,"showImageEffects":true,"showParticleSystems":true},"in2DMode":false,"pivot":{"x":5.289140701293945,"y":-10.887812614440918,"z":10.45789909362793},"rotation":{"x":-0.1555624008178711,"y":-0.03792106732726097,"z":0.006018334999680519,"w":-0.9871076941490173},"size":5.231664180755615,"orthographic":false}