{"cameraMode":{"drawMode":0,"name":"Shaded","section":"Shading Mode"},"sceneLighting":true,"audioPlay":false,"sceneViewState":{"showFog":true,"showMaterialUpdate":false,"showSkybox":true,"showFlares":true,"showImageEffects":true,"showParticleSystems":true},"in2DMode":false,"pivot":{"x":-13.32270336151123,"y":3.285557508468628,"z":11.890588760375977},"rotation":{"x":-0.4193361699581146,"y":-0.053061775863170627,"z":0.02458249405026436,"w":-0.9059625864028931},"size":34.279876708984378,"orthographic":false}