{"cameraMode":{"drawMode":0,"name":"Shaded","section":"Shading Mode"},"sceneLighting":false,"audioPlay":false,"sceneViewState":{"showFog":true,"showMaterialUpdate":false,"showSkybox":false,"showFlares":true,"showImageEffects":true,"showParticleSystems":true},"in2DMode":false,"pivot":{"x":4.426772594451904,"y":-0.18655946850776673,"z":3.40224552154541},"rotation":{"x":-0.16367390751838685,"y":0.007157907821238041,"z":-0.0007019247859716415,"w":-0.9866029024124146},"size":4.0578837394714359,"orthographic":false}