{"cameraMode":{"drawMode":0,"name":"Shaded","section":"Shading Mode"},"sceneLighting":true,"audioPlay":false,"sceneViewState":{"showFog":true,"showMaterialUpdate":false,"showSkybox":true,"showFlares":true,"showImageEffects":true,"showParticleSystems":true},"in2DMode":false,"pivot":{"x":-16.630844116210939,"y":18.63750457763672,"z":-0.43037116527557375},"rotation":{"x":0.24498002231121064,"y":-0.006693841889500618,"z":0.0016513937152922154,"w":0.9695234298706055},"size":21.516542434692384,"orthographic":false}