{"cameraMode":{"drawMode":0,"name":"Shaded","section":"Shading Mode"},"sceneLighting":false,"audioPlay":false,"sceneViewState":{"showFog":true,"showMaterialUpdate":false,"showSkybox":false,"showFlares":true,"showImageEffects":true,"showParticleSystems":true},"in2DMode":false,"pivot":{"x":1.1962140798568726,"y":0.8389550447463989,"z":2.92206072807312},"rotation":{"x":-0.17752350866794587,"y":0.061075758188962939,"z":-0.010996564291417599,"w":-0.9821860194206238},"size":15.040938377380371,"orthographic":false}