{"cameraMode":{"drawMode":0,"name":"Shaded","section":"Shading Mode"},"sceneLighting":false,"audioPlay":false,"sceneViewState":{"showFog":true,"showMaterialUpdate":false,"showSkybox":false,"showFlares":true,"showImageEffects":true,"showParticleSystems":true},"in2DMode":false,"pivot":{"x":39.13999938964844,"y":1.829071044921875,"z":20.139982223510743},"rotation":{"x":0.19174498319625855,"y":-0.00781610794365406,"z":-0.0008101360872387886,"w":0.9815961718559265},"size":-2.082836627960205,"orthographic":false}