{"cameraMode":{"drawMode":0,"name":"Shaded","section":"Shading Mode"},"sceneLighting":true,"audioPlay":false,"sceneViewState":{"showFog":true,"showMaterialUpdate":false,"showSkybox":true,"showFlares":true,"showImageEffects":true,"showParticleSystems":true},"in2DMode":false,"pivot":{"x":0.22583450376987458,"y":2.6392087936401369,"z":-0.787614107131958},"rotation":{"x":-0.40198564529418948,"y":-0.010167915374040604,"z":0.004458942450582981,"w":-0.9155828356742859},"size":5.756662368774414,"orthographic":false}